{"stats":{"minecraft:picked_up":{"vtubruhlotrmobs:bookfornoobmodlotr":2},"minecraft:killed_by":{"shloringus_the_mod:shlorbo":1},"minecraft:mined":{"minecraft:grass":1,"minecraft:oak_leaves":2},"minecraft:dropped":{"vtubruhlotrmobs:bookfornoobmodlotr":1},"minecraft:custom":{"minecraft:jump":23,"minecraft:time_since_rest":5541,"minecraft:damage_dealt":10,"minecraft:sprint_one_cm":86,"minecraft:deaths":1,"minecraft:play_time":5669,"minecraft:damage_taken":285,"minecraft:time_since_death":5150,"minecraft:walk_one_cm":10891,"minecraft:sneak_time":13,"minecraft:total_world_time":5669,"minecraft:drop":1,"minecraft:fly_one_cm":696}},"DataVersion":3120}