{"stats":{"minecraft:killed_by":{"shloringus_the_mod:shlorbo":1},"minecraft:picked_up":{"minecraft:stick":2,"minecraft:bone":2,"minecraft:crafting_table":1,"minecraft:arrow":2,"poopetkingdomsrandommod:sounds_like_skill_issue":6,"vtubruhlotrmobs:bookfornoobmodlotr":3},"minecraft:killed":{"minecraft:skeleton":1,"minecraft:zombie":1},"minecraft:crafted":{"rusted:sharpstick":1,"minecraft:dark_oak_planks":64,"minecraft:crafting_table":1,"minecraft:stick":12},"minecraft:broken":{"rusted:sharpstick":1},"minecraft:used":{"rusted:sharpstick":15,"vtubruhlotrmobs:orc_eeeee_spawn_egg":1,"minecraft:crafting_table":1,"poopetkingdomsrandommod:sounds_like_skill_issue":3,"minecraft:cooked_beef":5},"minecraft:mined":{"minecraft:grass":2,"minecraft:grass_block":2,"minecraft:glass":4,"poopetkingdomsrandommod:sounds_like_skill_issue":2,"minecraft:birch_leaves":3,"minecraft:oak_leaves":7,"minecraft:crafting_table":1},"minecraft:dropped":{"vtubruhlotrmobs:bookfornoobmodlotr":3,"poopetkingdomsrandommod:sounds_like_skill_issue":3},"minecraft:custom":{"minecraft:open_chest":7,"minecraft:time_since_rest":17541,"minecraft:play_time":17669,"minecraft:sprint_one_cm":36191,"minecraft:walk_one_cm":68156,"minecraft:damage_taken":575,"minecraft:deaths":1,"minecraft:sneak_time":20,"minecraft:mob_kills":3,"minecraft:drop":6,"minecraft:jump":149,"minecraft:damage_dealt":583,"minecraft:time_since_death":17150,"minecraft:total_world_time":17669,"minecraft:interact_with_crafting_table":2,"minecraft:fall_one_cm":3215,"minecraft:fly_one_cm":21946}},"DataVersion":3120}