{"stats":{"minecraft:picked_up":{"minecraft:stick":4,"poopetkingdomsrandommod:pavement":1,"poopetkingdomsrandommod:sounds_like_skill_issue":21},"minecraft:used":{"poopetkingdomsrandommod:sounds_like_skill_issue":5,"poopetkingdomsrandommod:pavement":1,"minecraft:dark_oak_wood":2,"minecraft:cooked_beef":3},"minecraft:mined":{"rusted:shrub":5,"minecraft:grass":1,"minecraft:glass":6,"minecraft:lily_of_the_valley":1,"poopetkingdomsrandommod:sounds_like_skill_issue":22,"poopetkingdomsrandommod:pavement":1},"minecraft:dropped":{"poopetkingdomsrandommod:sounds_like_skill_issue":14},"minecraft:custom":{"minecraft:open_chest":7,"minecraft:time_since_rest":7964,"minecraft:play_time":7964,"minecraft:sprint_one_cm":56946,"minecraft:damage_taken":155,"minecraft:walk_one_cm":39566,"minecraft:drop":14,"minecraft:jump":109,"minecraft:damage_dealt":49,"minecraft:time_since_death":7964,"minecraft:walk_on_water_one_cm":60,"minecraft:total_world_time":7964,"minecraft:fall_one_cm":3400,"minecraft:fly_one_cm":14519}},"DataVersion":3120}