{"stats":{"minecraft:killed_by":{"nightmare_dweller:nightmare_dweller":1},"minecraft:picked_up":{"minecraft:cooked_beef":128,"rusted:hempseed":2,"poopetkingdomsrandommod:sounds_like_skill_issue":27,"minecraft:mutton":2,"minecraft:dark_oak_wood":128,"minecraft:dirt":2,"minecraft:white_wool":2},"minecraft:used":{"minecraft:dirt":2,"poopetkingdomsrandommod:sounds_like_skill_issue":1,"minecraft:cooked_beef":2},"minecraft:mined":{"minecraft:grass":3,"minecraft:grass_block":1,"minecraft:glass":5,"rusted:hemp":1,"poopetkingdomsrandommod:sounds_like_skill_issue":33},"minecraft:dropped":{"vtubruhlotrmobs:bookfornoobmodlotr":1,"poopetkingdomsrandommod:sounds_like_skill_issue":26},"minecraft:custom":{"minecraft:open_chest":9,"minecraft:time_since_rest":6420,"minecraft:walk_one_cm":43201,"minecraft:play_time":10357,"minecraft:sprint_one_cm":53919,"minecraft:damage_taken":425,"minecraft:deaths":1,"minecraft:sneak_time":3,"minecraft:drop":3,"minecraft:jump":170,"minecraft:damage_dealt":54,"minecraft:time_since_death":6360,"minecraft:total_world_time":10357,"minecraft:fall_one_cm":4604,"minecraft:fly_one_cm":30572}},"DataVersion":3120}