{"stats":{"minecraft:picked_up":{"vtubruhlotrmobs:bookfornoobmodlotr":1},"minecraft:killed_by":{"shloringus_the_mod:shlorbo":2},"minecraft:mined":{"minecraft:grass":1,"minecraft:oak_leaves":2},"minecraft:dropped":{"vtubruhlotrmobs:bookfornoobmodlotr":1},"minecraft:custom":{"minecraft:jump":107,"minecraft:time_since_rest":5142,"minecraft:damage_dealt":25,"minecraft:crouch_one_cm":536,"minecraft:sprint_one_cm":13916,"minecraft:deaths":2,"minecraft:play_time":5759,"minecraft:damage_taken":720,"minecraft:time_since_death":5105,"minecraft:walk_one_cm":8766,"minecraft:sneak_time":217,"minecraft:total_world_time":5759,"minecraft:drop":1,"minecraft:fall_one_cm":3588,"minecraft:fly_one_cm":21560}},"DataVersion":3120}