{"stats":{"minecraft:killed_by":{"shloringus_the_mod:shlorbo":2},"minecraft:picked_up":{"poopetkingdomsrandommod:cole_game_plant":1,"poopetkingdomsrandommod:sounds_like_skill_issue":3,"vtubruhlotrmobs:orczelezo":1,"minecraft:dirt":1,"vtubruhlotrmobs:bookfornoobmodlotr":1},"minecraft:killed":{"vtubruhlotrmobs:orc_eeeee":1},"minecraft:crafted":{"minecraft:dark_oak_planks":256},"minecraft:used":{"minecraft:dark_oak_planks":2,"poopetkingdomsrandommod:cole_game_plant":1,"poopetkingdomsrandommod:sounds_like_skill_issue":3,"minecraft:cooked_beef":7},"minecraft:mined":{"minecraft:grass":3,"minecraft:glass":4,"poopetkingdomsrandommod:cole_game_plant":1,"poopetkingdomsrandommod:sounds_like_skill_issue":3,"minecraft:birch_leaves":2,"minecraft:oak_leaves":2},"minecraft:dropped":{"minecraft:dirt":1,"vtubruhlotrmobs:bookfornoobmodlotr":1},"minecraft:custom":{"minecraft:open_chest":8,"minecraft:time_since_rest":17142,"minecraft:crouch_one_cm":611,"minecraft:play_time":17759,"minecraft:sprint_one_cm":69587,"minecraft:walk_one_cm":86920,"minecraft:damage_taken":878,"minecraft:deaths":2,"minecraft:sneak_time":223,"minecraft:drop":2,"minecraft:jump":373,"minecraft:damage_dealt":110,"minecraft:time_since_death":17105,"minecraft:total_world_time":17759,"minecraft:fall_one_cm":10174,"minecraft:fly_one_cm":71153}},"DataVersion":3120}