{
  "dotamod:dota_mod": {
    "criteria": {
      "dota_mod": "2024-09-24 04:26:34 +0000"
    },
    "done": true
  },
  "minecraft:adventure/root": {
    "criteria": {
      "killed_by_something": "2024-09-24 04:26:41 +0000"
    },
    "done": true
  },
  "vtubruhlotrmobs:dost_base": {
    "criteria": {
      "dost_base": "2024-09-24 04:26:34 +0000"
    },
    "done": true
  },
  "infinity_gauntlet_mod:buscando_las_gemas_del_infinito": {
    "criteria": {
      "buscando_las_gemas_del_infinito": "2024-09-24 04:26:34 +0000"
    },
    "done": true
  },
  "hanew_village_mod:hanewvillagemod": {
    "criteria": {
      "hanewvillagemod": "2024-09-24 04:26:34 +0000"
    },
    "done": true
  },
  "minecraft:adventure/adventuring_time": {
    "criteria": {
      "minecraft:forest": "2024-09-24 04:26:36 +0000",
      "minecraft:plains": "2024-09-24 04:28:33 +0000"
    },
    "done": false
  },
  "DataVersion": 3120
}