{
  "minecraft:recipes/misc/charcoal": {
    "criteria": {
      "has_log": "2024-09-24 04:34:25 +0000"
    },
    "done": true
  },
  "minecraft:recipes/decorations/crafting_table": {
    "criteria": {
      "has_planks": "2024-09-24 04:34:32 +0000"
    },
    "done": true
  },
  "minecraft:husbandry/root": {
    "criteria": {
      "consumed_item": "2024-09-24 04:34:41 +0000"
    },
    "done": true
  },
  "minecraft:recipes/building_blocks/dark_oak_slab": {
    "criteria": {
      "has_planks": "2024-09-24 04:34:32 +0000"
    },
    "done": true
  },
  "minecraft:recipes/decorations/dark_oak_fence": {
    "criteria": {
      "has_planks": "2024-09-24 04:34:32 +0000"
    },
    "done": true
  },
  "dotamod:blood_money": {
    "criteria": {
      "blood_money": "2024-09-24 04:31:59 +0000"
    },
    "done": true
  },
  "minecraft:recipes/building_blocks/dark_oak_planks": {
    "criteria": {
      "has_log": "2024-09-24 04:34:25 +0000"
    },
    "done": true
  },
  "minecraft:recipes/building_blocks/dark_oak_stairs": {
    "criteria": {
      "has_planks": "2024-09-24 04:34:32 +0000"
    },
    "done": true
  },
  "minecraft:recipes/decorations/barrel": {
    "criteria": {
      "has_planks": "2024-09-24 04:34:32 +0000"
    },
    "done": true
  },
  "vtubruhlotrmobs:dost_base": {
    "criteria": {
      "dost_base": "2024-09-24 04:26:34 +0000"
    },
    "done": true
  },
  "hanew_village_mod:hanewvillagemod": {
    "criteria": {
      "hanewvillagemod": "2024-09-24 04:26:34 +0000"
    },
    "done": true
  },
  "minecraft:recipes/redstone/dark_oak_door": {
    "criteria": {
      "has_planks": "2024-09-24 04:34:32 +0000"
    },
    "done": true
  },
  "minecraft:recipes/redstone/dark_oak_button": {
    "criteria": {
      "has_planks": "2024-09-24 04:34:32 +0000"
    },
    "done": true
  },
  "minecraft:husbandry/balanced_diet": {
    "criteria": {
      "cooked_beef": "2024-09-24 04:34:41 +0000"
    },
    "done": false
  },
  "dotamod:dota_mod": {
    "criteria": {
      "dota_mod": "2024-09-24 04:26:34 +0000"
    },
    "done": true
  },
  "minecraft:recipes/redstone/dark_oak_trapdoor": {
    "criteria": {
      "has_planks": "2024-09-24 04:34:32 +0000"
    },
    "done": true
  },
  "minecraft:recipes/misc/stick": {
    "criteria": {
      "has_planks": "2024-09-24 04:34:32 +0000"
    },
    "done": true
  },
  "minecraft:adventure/root": {
    "criteria": {
      "killed_by_something": "2024-09-24 04:26:41 +0000"
    },
    "done": true
  },
  "minecraft:recipes/redstone/dark_oak_pressure_plate": {
    "criteria": {
      "has_planks": "2024-09-24 04:34:32 +0000"
    },
    "done": true
  },
  "minecraft:recipes/decorations/dark_oak_sign": {
    "criteria": {
      "has_planks": "2024-09-24 04:34:32 +0000"
    },
    "done": true
  },
  "minecraft:recipes/redstone/dark_oak_fence_gate": {
    "criteria": {
      "has_planks": "2024-09-24 04:34:32 +0000"
    },
    "done": true
  },
  "infinity_gauntlet_mod:buscando_las_gemas_del_infinito": {
    "criteria": {
      "buscando_las_gemas_del_infinito": "2024-09-24 04:26:34 +0000"
    },
    "done": true
  },
  "minecraft:adventure/adventuring_time": {
    "criteria": {
      "minecraft:taiga": "2024-09-24 04:40:54 +0000",
      "minecraft:beach": "2024-09-24 04:38:42 +0000",
      "minecraft:forest": "2024-09-24 04:26:36 +0000",
      "minecraft:meadow": "2024-09-24 04:41:40 +0000",
      "minecraft:plains": "2024-09-24 04:28:33 +0000"
    },
    "done": false
  },
  "DataVersion": 3120
}